Workbook

Sheet Gantt — Tableau IV
A1: SILA, HÉROÏNES ARCTIQUES — Gantt de production · Tableau IV · Mars–Sept 2026
A2: Catégorie | B2: Tâche / Livrable | C2: Resp. | D2: J. Aude | E2: J. Neek | F2: Sept. 2025 | H2: Avr. 2026 | J2: Mai 2026 | L2: Jun 2026 | N2: Juil. 2026 | P2: Août 2026 | R2: Sept. 2026
F3: S1 | G3: S2 | H3: A1 | I3: A2 | J3: M1 | K3: M2 | L3: J1 | M3: J2 | N3: Jl1 | O3: Jl2 | P3: Au1 | Q3: Au2 | R3: Sp1 | S3: Sp2
A4: 🎨 PRODUCTION — Artistique et Technique
A5: 🎨 Art. & Tech. | B5: Préparation moodboard, DA et storyboard | C5: Aude | D5: ='Cal avril 2026'!D5 -> 2 | E5: ='Cal avril 2026'!E5 -> 0 | F5: ▶ | H5: ◀
A6: 🎨 Art. & Tech. | B6: Sélection captures photogrammétriques de glaciers | C6: Aude | D6: ='Cal avril 2026'!D6 -> 1 | E6: ='Cal avril 2026'!E6 -> 0 | H6: ▶
A7: 🎨 Art. & Tech. | B7: Extraction des données | C7: Aude / Neek | D7: ='Cal avril 2026'!D7 -> 4 | E7: ='Cal avril 2026'!E7 -> 3 | H7: ▶ | I7: ◀
B8: Prototype - Aude non dispo 10-12-23 mai ( 2/3 jours dispo /Timing-Interaction etablies | C8: Aude / Neek | K8: 30
A9: 🎨 Art. & Tech. | B9: Élaboration du monde virtuel — maquette | C9: Aude | D9: ='Cal avril 2026'!D8 -> 9 | E9: ='Cal avril 2026'!E8 -> 0 | J9: ▶ | K9: ◀
A10: 🎨 Art. & Tech. | B10: Création du monde virtuel (3D, Texturing, éclairage et optimisation) | C10: Aude / Neek | D10: ='Cal avril 2026'!D9 -> 12.5 | E10: ='Cal avril 2026'!E9 -> 41 | J10: ▶ | M10: ◀
A11: 🎨 Art. & Tech. | B11: Conception trame sonore — Tableau IV | C11: Aude | D11: ='Cal avril 2026'!D10 -> 0.5 | E11: ='Cal avril 2026'!E10 -> 0 | I11: ▶ | L11: ◀
A12: 💻 PRODUCTION — Développement & Interactions
A13: 💻 Dév. & Int. | B13: Conception UX et interaction | C13: Aude / Neek | D13: ='Cal avril 2026'!D12 -> 1 | E13: ='Cal avril 2026'!E12 -> 2 | I13: ▶ | K13: ◀
A14: 💻 Dév. & Int. | B14: Développement interactif | C14: Aude / Neek | D14: ='Cal avril 2026'!D13 -> 2.5 | E14: ='Cal avril 2026'!E13 -> 3 | L14: ▶ | M14: ◀
A15: 💻 Dév. & Int. | B15: Intégration univers, assets, sons, musique et voix (contingence) | C15: Voulez-vous / Neek | D15: ='Cal avril 2026'!D14 -> 0 | E15: ='Cal avril 2026'!E14+'Cal avril 2026'!E15 -> 8 | L15: ▶ | N15: ◀
A16: 🧪 TESTS ET ITÉRATIONS
A17: 🧪 Tests | B17: Itération 1 — Validation des 1ers assets 3D | C17: Équipe | D17: ='Cal avril 2026'!D17 -> 0 | E17: ='Cal avril 2026'!E17 -> 0 | J17: ▶ | K17: ◀
A18: 🧪 Tests | B18: Itération 2 — Tests après intégration Tableau IV | C18: Équipe / Aude / Neek | D18: ='Cal avril 2026'!D18 -> 0 | E18: ='Cal avril 2026'!E18 -> 1 | M18: ▶ | N18: ▶ | O18: ◀
A19: 🧪 Tests | B19: Itération 3 — Tests après intégration 5 tableaux | C19: Équipe / Aude / Neek | D19: ='Cal avril 2026'!D19 -> 0 | E19: ='Cal avril 2026'!E19 -> 1 | O19: ▶ | Q19: ◀
A20: 🚀 LANCEMENT — Venise Immersive (août 2026) · Automne 2026
A22: LÉGENDE ■ Artistique & Tech. (bleu) ■ Développement (orange) ■ Tests (vert) ■ Terminé (gris) ▮ Aujourd'hui (avril 2026, contour jaune)

Sheet Cal avril 2026
A1: SILA, HÉROÏNES ARCTIQUES — Échéancier de production - Tableau IV
A2: Mars 2026 à Sept 2026 — 55 jours étalés sur 5 mois
A3: Période | B3: Tâche / Livrable | C3: Responsable | D3: J. Aude | E3: J. Neek | F3: Statut | G3: Liens | H3: Notes
A4: 🎨 PRODUCTION — Artistique et Technique
A5: sept. 2025 | B5: Préparation moodboard, direction artistique et storyboard | C5: Aude | D5: 2 | E5: 0 | F5: En cours | G5: https://canva.link/c6etrup4vs825a6
A6: avril 2026 | B6: Sélection des captures photogrammétriques de glaciers | C6: Aude | D6: 1 | E6: 0 | F6: Complété
A7: avril 2026 | B7: Extraction des données | C7: Aude / Neek | D7: 4 | E7: 3 | F7: En cours | H7: Neek : Aide Photograpmetrie - Artiste 3D
A8: mai 2026 | B8: Élaboration du monde virtuel — maquette | C8: Aude | D8: 9 | E8: 0 | F8: A venir | H8: Neek : Consulation UX et Interaction
A9: mai–juin 2026 | B9: Création du monde virtuel (Modélisation 3D, Texturing, éclairage et optimisation) | C9: Aude / Neek | D9: 12.5 | E9: 41 | F9: A venir | H9: Neek : Optimisation / Reprojection / Normal Baking des assets 3D
A10: mai 2026 | B10: Conception trame sonore en lien avec le Tableau IV | C10: Aude | D10: 0.5 | E10: 0 | F10: A venir
A11: 💻 PRODUCTION — Développement & Interactions
A12: avr.–mai 2026 | B12: Conception UX et interaction | C12: Aude / Neek | D12: 1 | E12: 2 | F12: A venir
A13: juin 2026 | B13: Développement interactif | C13: Aude / Neek | D13: 2.5 | E13: 3 | F13: A venir
A14: juin–juil. 2026 | B14: Intégration univers IV, assets, effets sonores, musique et voix | C14: Neek | D14: 0 | E14: 3 | F14: A venir | H14: Neek : Lead Dev - Integration des assets dans Unreal + Test Build Mobile
A15: juil-aoüt. 2026 | B15: Intégration univers I-II-III-V, assets, effets sonores, musique et voix | C15: Neek | D15: 0 | E15: 5 | F15: A venir | H15: Neek : Lead Dev - Aide à Voulez-vous pour l'intégration
A16: 🧪 TESTS ET ITÉRATIONS
A17: juin 2026 | B17: Itération 1 — Validation des 1ers assets 3D | C17: Équipe | D17: 0 | E17: 0 | F17: A venir
A18: juil. 2026 | B18: Itération 2 — Tests après intégration du Tableau IV | C18: Équipe | D18: 0 | E18: 1 | F18: A venir
A19: août 2026 | B19: Itération 3 — Tests après intégration des 5 tableaux | C19: Équipe | D19: 0 | E19: 1 | F19: A venir
A20: TOTAL JOURS | D20: =SUM(D4:D19) -> 32.5 | E20: =SUM(E4:E19) -> 59 | F20: + Contingence: 1j Aude / 4j Neek
A21: 🚀 LANCEMENT — Venise Immersive (août 2026) · Automne 2026
